,Axie ID,Class,Axie Eyes Part ID,Axie Ears Part ID,Axie Horn Part ID,Axie Back Part ID,Axie Mouth Part ID,Axie Tail Part ID
0,11844610,Plant,eyes-clear,ears-nimo,back-sponge,mouth-risky-fish,horn-oranda,tail-nimo
1,11844611,Plant,eyes-clear,ears-nimo,back-sponge,mouth-risky-fish,horn-oranda,tail-nimo
2,11929092,Dawn,eyes-sleepless,ears-nimo,back-sandal,mouth-piranha,horn-babylonia,tail-nimo
3,11928579,Dawn,eyes-sleepless,ears-nimo,back-sandal,mouth-piranha,horn-babylonia,tail-nimo
4,11925510,Mech,eyes-sleepless,ears-nimo,back-sandal,mouth-piranha,horn-babylonia,tail-nimo
5,11884551,Bird,eyes-tricky,ears-innocent-lamb,back-tri-feather,mouth-hungry-bird,horn-feather-spear,tail-cloud
6,11844616,Plant,eyes-clear,ears-nimo,back-sponge,mouth-lam,horn-oranda,tail-nimo
7,11947529,Dawn,eyes-sleepless,ears-nimo,back-sandal,mouth-toothless-bite,horn-trump,tail-nimo
8,11934218,Bird,eyes-mavis,ears-innocent-lamb,back-tri-feather,mouth-peace-maker,horn-wing-horn-2,tail-cloud
9,11894280,Bird,eyes-kotaro,ears-earwing,back-tri-feather,mouth-peace-maker,horn-wing-horn,tail-granmas-fan
10,12,,,,,,,
11,11920395,Mech,eyes-chubby,ears-pink-cheek,back-cupid,mouth-axie-kiss,horn-dual-blade,tail-cottontail
12,11899402,Dawn,eyes-gero,ears-nimo,back-anemone,mouth-risky-fish,horn-anemone,tail-nimo
13,11942927,Plant,eyes-lucas,ears-innocent-lamb,back-bidens,mouth-silence-whisper,horn-rose-bud,tail-ant
14,11894287,Beast,eyes-puppy,ears-nimo,back-perch,mouth-confident,horn-little-branch,tail-nimo
15,11936271,Mech,eyes-sleepless-2,ears-nimo,back-sandal,mouth-square-teeth,horn-babylonia,tail-nimo
16,11921426,Aquatic,eyes-tricky,ears-nimo,back-spiky-wing,mouth-silence-whisper,horn-unko,tail-nimo
17,11933713,Mech,eyes-little-peas,ears-tiny-fan,back-sandal,mouth-piranha,horn-oranda,tail-nimo
18,11649554,Dawn,eyes-robin,ears-earwing,back-tri-feather,mouth-axie-kiss,horn-wing-horn,tail-granmas-fan
19,11875352,Aquatic,eyes-gero,ears-nimo,back-sandal,mouth-piranha,horn-shoal-star,tail-nimo
20,11933721,Aquatic,eyes-sleepless,ears-nimo,back-sandal,mouth-square-teeth,horn-oranda,tail-nimo
21,11929119,Aquatic,eyes-sleepless,ears-nimo,back-sandal,mouth-square-teeth,horn-babylonia,tail-nimo
22,11943967,Bird,eyes-bookworm,ears-pink-cheek,back-tri-feather,mouth-toothless-bite,horn-wing-horn,tail-cloud
23,11925023,Beast,eyes-puppy,ears-nimo,back-perch,mouth-confident,horn-imp,tail-nimo
24,11935264,Plant,eyes-tricky,ears-innocent-lamb,back-bidens,mouth-silence-whisper,horn-rose-bud,tail-cattail
25,11896355,Dawn,eyes-sleepless,ears-nimo,back-sandal,mouth-piranha,horn-babylonia,tail-nimo
26,11925029,Beast,eyes-puppy,ears-innocent-lamb,back-perch,mouth-confident,horn-arco,tail-nimo
27,11670565,Bird,eyes-little-owl,ears-owl,back-tri-feather,mouth-little-owl,horn-kestrel,tail-cloud
28,11888167,Mech,eyes-sleepless,ears-nimo,back-sandal,mouth-square-teeth,horn-babylonia,tail-nimo
29,11911209,Reptile,eyes-gecko,ears-friezard,back-green-thorns,mouth-tiny-turtle,horn-dual-blade,tail-cottontail
30,11939884,Bird,eyes-gecko,ears-earwing,back-tri-feather,mouth-kotaro,horn-wing-horn,tail-cloud
31,11858478,Mech,eyes-kotaro,ears-pink-cheek,back-tri-feather,mouth-little-owl,horn-wing-horn-2,tail-feather-fan
32,11915314,Aquatic,eyes-sleepless,ears-nimo,back-sandal,mouth-square-teeth,horn-babylonia,tail-nimo
33,11937332,Aquatic,eyes-sleepless,ears-seaslug,back-anemone,mouth-risky-fish,horn-babylonia,tail-nimo
34,11945012,Mech,eyes-topaz,ears-earwing,back-tri-feather,mouth-kotaro,horn-feather-spear,tail-cloud
35,11636790,Dawn,eyes-telescope,ears-nimo,back-sponge,mouth-risky-fish,horn-shoal-star,tail-nimo
36,11895354,Dawn,eyes-puppy,ears-nimo,back-buzz-buzz,mouth-confident,horn-cactus,tail-nimo
37,11939899,Bird,eyes-lucas,ears-early-bird,back-tri-feather,mouth-hungry-bird,horn-wing-horn,tail-cloud
38,11897404,Beast,eyes-chubby,ears-earwing,back-cupid,mouth-hungry-bird,horn-arco-2,tail-gerbil
39,11939901,Bird,eyes-lucas,ears-pink-cheek,back-tri-feather,mouth-hungry-bird,horn-wing-horn,tail-cloud
40,11943996,Bird,eyes-lucas,ears-pink-cheek,back-tri-feather,mouth-hungry-bird,horn-wing-horn,tail-cloud
41,11934781,Dawn,eyes-sleepless,ears-nimo,back-sandal,mouth-piranha,horn-trump,tail-nimo
42,11939392,Bird,eyes-clear,ears-innocent-lamb,back-tri-feather,mouth-cute-bunny,horn-wing-horn,tail-cloud
43,11884098,Mech,eyes-kotaro,ears-earwing,back-tri-feather,mouth-hungry-bird,horn-wing-horn,tail-cottontail
44,11603447,Mech,eyes-gecko,ears-tassels,back-indian-star,mouth-tiny-turtle,horn-scaly-spoon,tail-ant
45,11880517,Mech,eyes-chubby,ears-pink-cheek,back-cupid,mouth-axie-kiss,horn-dual-blade,tail-cottontail
46,11936838,Bird,eyes-lucas,ears-pink-cheek,back-tri-feather,mouth-hungry-bird,horn-wing-horn-2,tail-cloud
47,11936841,Mech,eyes-kotaro,ears-earwing,back-tri-feather,mouth-hungry-bird,horn-wing-horn,tail-cloud
48,11939914,Mech,eyes-lucas,ears-sidebarb,back-tri-feather,mouth-hungry-bird,horn-wing-horn,tail-cloud
49,11939913,Mech,eyes-lucas,ears-earwing,back-tri-feather,mouth-kotaro,horn-trump,tail-cloud
50,11925068,Dawn,eyes-nerdy,ears-nimo,back-sandal,mouth-zigzag,horn-oranda,tail-nimo
51,11910732,Mech,eyes-sleepless,ears-nimo,back-sandal,mouth-square-teeth,horn-babylonia,tail-nimo
52,11926093,Beast,eyes-chubby,ears-earwing,back-cupid,mouth-square-teeth,horn-arco,tail-gerbil
53,11940943,Bird,eyes-robin,ears-pink-cheek,back-cupid,mouth-axie-kiss,horn-feather-spear,tail-cloud
54,11904589,Mech,eyes-kotaro,ears-earwing,back-tri-feather,mouth-kotaro,horn-wing-horn,tail-cottontail
55,11940433,Bird,eyes-robin,ears-pink-cheek,back-tri-feather,mouth-kotaro,horn-wing-horn,tail-ant
56,11937363,Beast,eyes-chubby,ears-earwing,back-cupid,mouth-square-teeth,horn-arco,tail-gerbil
57,11919955,Beast,eyes-chubby,ears-earwing,back-cupid,mouth-hungry-bird,horn-arco,tail-ranchu
58,11912278,Mech,eyes-sleepless,ears-nimo,back-sandal,mouth-piranha,horn-babylonia,tail-nimo
59,11920983,Beast,eyes-little-peas,ears-zen,back-tri-feather,mouth-confident,horn-trump,tail-feather-fan
60,11933784,Bird,eyes-kotaro,ears-pink-cheek,back-tri-feather-2,mouth-kotaro,horn-wing-horn,tail-cloud
61,11936856,Aquatic,eyes-sleepless,ears-nimo,back-sandal,mouth-square-teeth,horn-babylonia,tail-nimo
62,11939926,Mech,eyes-lucas,ears-earwing,back-tri-feather,mouth-toothless-bite,horn-wing-horn,tail-cloud
63,11932763,Aquatic,eyes-sleepless,ears-nimo,back-sandal,mouth-square-teeth,horn-oranda,tail-nimo
64,11945051,Bird,eyes-gecko,ears-earwing,back-tri-feather,mouth-kotaro,horn-wing-horn,tail-cloud
65,11927643,Mech,eyes-nerdy,ears-pink-cheek,back-tri-feather,mouth-confident,horn-wing-horn,tail-granmas-fan
66,11931742,Mech,eyes-kotaro,ears-earwing,back-tri-feather,mouth-piranha,horn-wing-horn,tail-cloud
67,11918938,Plant,eyes-gecko,ears-nimo,back-sponge,mouth-tiny-turtle,horn-cactus,tail-nimo
68,11931744,Mech,eyes-kotaro,ears-innocent-lamb,back-tri-feather-2,mouth-kotaro,horn-wing-horn,tail-cloud
69,11931235,Mech,eyes-puppy,ears-zen,back-ronin,mouth-confident,horn-imp,tail-shiba
70,11636333,Bird,eyes-kotaro,ears-earwing,back-tri-feather,mouth-kotaro,horn-wing-horn,tail-granmas-fan
71,11934324,Aquatic,eyes-sleepless,ears-nimo,back-sandal,mouth-square-teeth,horn-babylonia,tail-nimo
72,11675254,Plant,eyes-scar,ears-pink-cheek,back-tri-feather,mouth-little-owl,horn-feather-spear,tail-feather-fan
73,11936378,Dawn,eyes-sleepless,ears-seaslug,back-anemone-2,mouth-piranha,horn-anemone,tail-nimo
74,11895418,Dawn,eyes-sleepless,ears-nimo,back-sandal,mouth-piranha,horn-babylonia,tail-nimo
75,11692670,Bird,eyes-clear,ears-innocent-lamb,back-tri-feather,mouth-doubletalk,horn-wing-horn,tail-cloud
76,11915391,Aquatic,eyes-sleepless,ears-nimo,back-anemone,mouth-lam,horn-anemone-2,tail-nimo
77,11913344,Plant,eyes-clear,ears-nimo,back-sponge,mouth-piranha,horn-oranda,tail-nimo
78,11944063,Bird,eyes-topaz,ears-earwing,back-tri-feather,mouth-kotaro,horn-wing-horn,tail-cloud
79,11944069,Bird,eyes-clear,ears-earwing,back-tri-feather,mouth-kotaro,horn-wing-horn,tail-cloud
80,11895434,Dawn,eyes-sleepless,ears-nimo,back-sandal,mouth-piranha,horn-trump,tail-nimo
81,11937419,Mech,eyes-sleepless,ears-nimo,back-sandal,mouth-square-teeth,horn-babylonia,tail-nimo
82,11934350,Mech,eyes-sleepless,ears-nimo,back-sandal,mouth-square-teeth,horn-babylonia,tail-nimo
83,11931280,Beast,eyes-chubby,ears-innocent-lamb,back-green-thorns,mouth-square-teeth,horn-arco,tail-ant
84,11889808,Reptile,eyes-gecko,ears-nimo,back-sponge,mouth-razor-bite,horn-cactus,tail-nimo
85,11701404,Mech,eyes-tricky,ears-innocent-lamb,back-red-ear,mouth-nut-cracker,horn-leaf-bug,tail-ant
86,11926685,Beast,eyes-little-peas,ears-zen,back-ronin,mouth-confident,horn-imp,tail-shiba
87,11933342,Aquatic,eyes-sleepless,ears-nimo,back-sandal,mouth-square-teeth,horn-babylonia,tail-nimo
88,11933853,Plant,eyes-gecko,ears-pink-cheek,back-cupid,mouth-axie-kiss,horn-arco-2,tail-cottontail
89,11940512,Aquatic,eyes-mavis,ears-nimo,back-sandal,mouth-square-teeth,horn-babylonia,tail-nimo
90,11938977,Mech,eyes-topaz,ears-pink-cheek,back-tri-feather,mouth-axie-kiss,horn-wing-horn,tail-cloud
91,11932322,Reptile,eyes-gecko,ears-nimo,back-sponge,mouth-tiny-turtle,horn-incisor,tail-nimo
92,11931300,Bug,eyes-puppy,ears-zen,back-hero,mouth-confident,horn-imp,tail-shiba
93,11912358,Aquatic,eyes-sleepless,ears-nimo,back-sandal,mouth-square-teeth,horn-babylonia,tail-nimo
94,11934375,Bird,eyes-little-peas,ears-pink-cheek,back-tri-feather,mouth-little-owl,horn-feather-spear,tail-cloud
95,11938470,Bird,eyes-nerdy,ears-earwing,back-tri-feather,mouth-hungry-bird,horn-wing-horn,tail-granmas-fan
96,11880614,Bird,eyes-robin,ears-earwing,back-tri-feather,mouth-confident,horn-feather-spear,tail-cloud
97,11949229,Mech,eyes-little-peas,ears-pink-cheek,back-tri-feather,mouth-hungry-bird,horn-wing-horn,tail-cloud
98,11934202,Beast,eyes-chubby,ears-earwing,back-cupid,mouth-catfish,horn-arco,tail-gerbil
99,11935411,Beast,eyes-nerdy,ears-earwing,back-buzz-buzz,mouth-axie-kiss,horn-arco,tail-gerbil
100,11915957,Aquatic,eyes-sleepless,ears-nimo,back-sandal,mouth-square-teeth,horn-oranda,tail-nimo
101,11911861,Bug,eyes-kotaro,ears-earwing,back-tri-feather,mouth-kotaro,horn-wing-horn,tail-cottontail
102,11918521,Mech,eyes-sleepless,ears-nimo,back-sandal,mouth-square-teeth,horn-babylonia,tail-nimo
103,8149183,Aquatic,eyes-tricky,ears-nimo,back-goldfish,mouth-lam,horn-cactus,tail-nimo
104,11918528,Mech,eyes-sleepless,ears-nimo,back-sandal,mouth-square-teeth,horn-babylonia,tail-nimo
105,11862721,Reptile,eyes-gecko,ears-nimo,back-sponge,mouth-tiny-turtle,horn-incisor,tail-nimo
106,11862719,Reptile,eyes-gecko,ears-nimo,back-sponge,mouth-tiny-turtle,horn-incisor,tail-nimo
107,11925185,Mech,eyes-chubby,ears-pink-cheek,back-cupid,mouth-axie-kiss,horn-arco,tail-cottontail
108,11934404,Beast,eyes-puppy,ears-nimo,back-perch,mouth-confident,horn-little-branch,tail-nimo
109,11910852,Dawn,eyes-sleepless,ears-nimo,back-sandal,mouth-piranha-2,horn-babylonia,tail-nimo
110,11934919,Mech,eyes-sleepless,ears-nimo,back-sandal,mouth-square-teeth,horn-babylonia,tail-nimo-2
111,11870407,Beast,eyes-puppy,ears-zen,back-ronin-2,mouth-confident-2,horn-imp,tail-shrimp
112,11915466,Bird,eyes-gero,ears-nimo,back-sandal,mouth-square-teeth,horn-babylonia,tail-nimo
113,11904714,Reptile,eyes-chubby,ears-pink-cheek,back-bone-sail,mouth-herbivore,horn-dual-blade,tail-ranchu
114,11942090,Mech,eyes-sleepless,ears-nimo,back-sandal,mouth-square-teeth,horn-babylonia,tail-nimo
115,11917514,Beast,eyes-puppy,ears-nimo,back-perch,mouth-confident,horn-little-branch,tail-nimo
116,11926221,Reptile,eyes-gecko-2,ears-nimo,back-sponge,mouth-catfish,horn-cactus,tail-nimo
117,11934927,Mech,eyes-sleepless,ears-nimo,back-sandal,mouth-square-teeth,horn-babylonia,tail-nimo
118,2416336,Reptile,eyes-lucas,ears-pogona,back-tri-spikes,mouth-tiny-turtle,horn-scaly-spoon,tail-tiny-dino
119,11933904,Dawn,eyes-sleepless,ears-seaslug,back-anemone,mouth-lam,horn-anemone,tail-nimo
120,11915986,Beast,eyes-chubby,ears-innocent-lamb,back-scarab,mouth-razor-bite,horn-arco,tail-cattail
121,11945166,Dawn,eyes-sleepless,ears-nimo,back-sandal,mouth-piranha,horn-trump,tail-nimo
122,11613912,Bird,eyes-robin,ears-earwing,back-tri-feather,mouth-doubletalk,horn-kestrel,tail-granmas-fan
123,11926234,Beast,eyes-chubby,ears-earwing,back-cupid,mouth-square-teeth,horn-arco,tail-gerbil-2
124,6337243,Reptile,eyes-clear,ears-peace-maker,back-tri-spikes,mouth-tiny-turtle,horn-incisor,tail-cloud
125,11931355,Dawn,eyes-sleepless,ears-nimo,back-sandal,mouth-piranha,horn-trump,tail-nimo
126,11691231,Mech,eyes-mavis,ears-leaf-bug,back-tri-feather,mouth-piranha,horn-bumpy,tail-feather-fan
127,11908320,Reptile,eyes-chubby-2,ears-friezard,back-green-thorns,mouth-razor-bite,horn-dual-blade,tail-iguana
128,11926241,Beast,eyes-papi,ears-earwing,back-cupid,mouth-square-teeth,horn-arco,tail-gerbil
129,11934434,Bug,eyes-gecko,ears-nimo,back-sponge,mouth-catfish,horn-shoal-star,tail-nimo
130,11925217,Mech,eyes-chubby,ears-pink-cheek,back-scarab,mouth-axie-kiss,horn-dual-blade,tail-cottontail
131,11918566,Dawn,eyes-sleepless,ears-nimo,back-sandal,mouth-piranha,horn-babylonia,tail-nimo
132,11934439,Reptile,eyes-gecko,ears-nimo,back-sponge,mouth-tiny-turtle,horn-cactus,tail-nimo
133,11913448,Aquatic,eyes-clear,ears-nimo,back-sponge,mouth-square-teeth,horn-oranda,tail-nimo
134,11917033,Beast,eyes-chubby,ears-earwing,back-buzz-buzz,mouth-axie-kiss,horn-arco-2,tail-gerbil
135,11940586,Dawn,eyes-sleepless,ears-nimo,back-sandal,mouth-zigzag,horn-trump,tail-nimo
136,11918056,Mech,eyes-puppy,ears-early-bird,back-tri-feather,mouth-little-owl,horn-feather-spear,tail-feather-fan
137,11706088,Mech,eyes-kotaro,ears-earwing,back-tri-feather,mouth-kotaro,horn-wing-horn,tail-granmas-fan
138,11935982,Mech,eyes-sleepless,ears-nimo,back-sandal-2,mouth-square-teeth,horn-babylonia,tail-nimo
139,11912943,Aquatic,eyes-sleepless,ears-nimo,back-sandal-2,mouth-square-teeth,horn-babylonia,tail-nimo
140,11650291,Bird,eyes-robin,ears-earwing,back-tri-feather,mouth-confident,horn-trump,tail-granmas-fan
141,11931381,Dawn,eyes-sleepless,ears-nimo,back-sandal,mouth-piranha,horn-trump,tail-nimo
142,11939063,Beast,eyes-little-peas,ears-zen,back-ronin,mouth-confident,horn-imp,tail-shiba
143,11811064,Aquatic,eyes-gero,ears-nimo,back-sponge,mouth-square-teeth,horn-shoal-star,tail-nimo
144,11945721,Bug,eyes-nerdy,ears-pink-cheek,back-tri-feather,mouth-confident,horn-wing-horn,tail-cloud-2
145,11905786,Plant,eyes-clear-2,ears-nimo,back-sponge,mouth-piranha,horn-oranda,tail-nimo
146,11885307,Aquatic,eyes-nerdy,ears-nimo,back-sandal,mouth-piranha,horn-babylonia,tail-nimo
147,11700987,Mech,eyes-robin,ears-earwing,back-tri-feather,mouth-toothless-bite,horn-wing-horn,tail-granmas-fan
148,11905790,Bug,eyes-clear,ears-nimo,back-red-ear,mouth-toothless-bite,horn-oranda,tail-nimo
149,87807,Bird,eyes-lucas,ears-pink-cheek,back-cupid-2,mouth-doubletalk,horn-wing-horn,tail-ant
150,11929855,Dawn,eyes-sleepless,ears-seaslug,back-anemone,mouth-piranha,horn-anemone,tail-nimo
151,11915013,Dawn,eyes-sleepless,ears-nimo,back-sandal,mouth-piranha,horn-babylonia,tail-nimo
152,11910919,Dawn,eyes-sleepless,ears-nimo,back-sandal,mouth-piranha,horn-babylonia,tail-nimo
153,11840776,Mech,eyes-puppy-2,ears-zen,back-ronin,mouth-confident,horn-imp,tail-shiba-2
154,11391754,Reptile,eyes-gecko,ears-pogona,back-tri-spikes,mouth-tiny-turtle,horn-scaly-spear,tail-cloud
155,11858187,Reptile,eyes-gecko,ears-nimo,back-sponge,mouth-tiny-turtle,horn-oranda,tail-nimo
156,11918854,Dawn,eyes-sleepless,ears-nimo,back-sandal,mouth-piranha,horn-babylonia,tail-nimo
157,11900177,Aquatic,eyes-sleepless,ears-nimo,back-sandal,mouth-square-teeth,horn-babylonia,tail-nimo
158,11934994,Aquatic,eyes-gero,ears-nimo,back-sponge,mouth-square-teeth,horn-shoal-star,tail-nimo
159,11935508,Mech,eyes-lucas,ears-earwing,back-tri-feather,mouth-kotaro,horn-wing-horn,tail-cloud
160,11934996,Aquatic,eyes-sleepless,ears-nimo,back-sponge,mouth-square-teeth,horn-shoal-star,tail-nimo
161,11932949,Bird,eyes-lucas,ears-early-bird,back-tri-feather,mouth-hungry-bird,horn-feather-spear,tail-feather-fan
162,11677976,Bird,eyes-kotaro,ears-earwing,back-tri-feather,mouth-kotaro,horn-wing-horn-2,tail-granmas-fan
163,11927506,Beast,eyes-little-peas,ears-zen,back-ronin,mouth-confident,horn-imp,tail-hare
164,11903256,Dawn,eyes-sleepless,ears-nimo,back-sandal,mouth-piranha,horn-babylonia,tail-nimo
165,11902238,Beast,eyes-chubby,ears-earwing,back-buzz-buzz,mouth-axie-kiss,horn-arco,tail-gerbil
166,11876638,Dawn,eyes-sleepless,ears-nimo,back-sandal,mouth-piranha,horn-trump,tail-nimo
167,11871010,Aquatic,eyes-sleepless,ears-nimo,back-sandal,mouth-square-teeth,horn-babylonia,tail-nimo
168,11888932,Mech,eyes-chubby,ears-pink-cheek,back-cupid,mouth-square-teeth,horn-dual-blade,tail-cottontail
169,11918629,Aquatic,eyes-nerdy,ears-nimo,back-sandal,mouth-square-teeth,horn-shoal-star,tail-nimo
170,11653927,Bird,eyes-mavis,ears-earwing,back-tri-feather,mouth-square-teeth,horn-wing-horn,tail-granmas-fan
171,11927340,Mech,eyes-sleepless,ears-nimo,back-sandal,mouth-piranha,horn-babylonia,tail-nimo
172,11897645,Mech,eyes-chubby,ears-pink-cheek,back-hero,mouth-axie-kiss,horn-arco,tail-cottontail
173,11927856,Mech,eyes-sleepless,ears-nimo,back-sandal-2,mouth-piranha,horn-babylonia,tail-nimo
174,11919666,Mech,eyes-gero,ears-seaslug,back-anemone,mouth-axie-kiss,horn-anemone-2,tail-nimo
175,11925300,Mech,eyes-sleepless,ears-nimo,back-sandal,mouth-square-teeth,horn-babylonia,tail-nimo
176,11938103,Bird,eyes-topaz,ears-swirl,back-tri-feather,mouth-doubletalk,horn-feather-spear,tail-cloud
177,11941688,Mech,eyes-puppy,ears-innocent-lamb,back-perch,mouth-confident,horn-arco,tail-nimo
178,11914552,Mech,eyes-kotaro,ears-bubblemaker,back-tri-feather,mouth-kotaro,horn-wing-horn,tail-shrimp
179,11906874,Aquatic,eyes-clear,ears-nimo,back-sponge,mouth-square-teeth,horn-oranda,tail-nimo
180,11920192,Dawn,eyes-gero,ears-nimo,back-sandal-2,mouth-piranha,horn-babylonia,tail-nimo
181,11926339,Mech,eyes-gero,ears-seaslug,back-anemone,mouth-lam,horn-anemone,tail-nimo
182,11898181,Beast,eyes-chubby,ears-earwing,back-cupid,mouth-axie-kiss,horn-arco,tail-granmas-fan
183,11912006,Beast,eyes-chubby,ears-earwing,back-cupid,mouth-hungry-bird,horn-arco,tail-granmas-fan
184,11910983,Plant,eyes-gecko,ears-nimo,back-sponge,mouth-kotaro,horn-anemone,tail-nimo
185,11903302,Mech,eyes-sleepless,ears-nimo,back-sandal,mouth-square-teeth,horn-babylonia,tail-nimo
186,11909964,Bird,eyes-kotaro,ears-earwing,back-tri-feather,mouth-kotaro,horn-wing-horn,tail-cottontail
187,11915600,Mech,eyes-tricky,ears-innocent-lamb,back-indian-star,mouth-silence-whisper,horn-rose-bud-2,tail-potato-leaf
188,11936081,Beast,eyes-chubby,ears-earwing,back-cupid,mouth-axie-kiss,horn-arco,tail-gerbil
189,11929939,Aquatic,eyes-sleepless,ears-nimo,back-sandal,mouth-square-teeth,horn-oranda,tail-nimo
190,11893076,Bird,eyes-clear,ears-earwing,back-tri-feather,mouth-confident,horn-wing-horn,tail-ranchu
191,11929945,Aquatic,eyes-sleepless,ears-nimo,back-sandal,mouth-square-teeth,horn-oranda,tail-nimo
192,11935066,Mech,eyes-little-peas,ears-zen,back-ronin,mouth-confident,horn-imp,tail-shiba
193,11798363,Reptile,eyes-chubby,ears-innocent-lamb,back-garish-worm,mouth-tiny-turtle,horn-dual-blade,tail-cattail
194,11938140,Mech,eyes-sleepless,ears-nimo,back-anemone,mouth-lam,horn-anemone,tail-nimo
195,11941213,Mech,eyes-sleepless,ears-nimo,back-sandal,mouth-square-teeth,horn-babylonia,tail-nimo
196,11889502,Bird,eyes-nerdy,ears-earwing,back-tri-feather-2,mouth-axie-kiss,horn-wing-horn,tail-granmas-fan
197,11938650,Mech,eyes-topaz,ears-pink-cheek,back-tri-feather,mouth-axie-kiss,horn-feather-spear,tail-feather-fan-2
198,11637088,Mech,eyes-clear,ears-tassels,back-indian-star,mouth-silence-whisper,horn-scaly-spoon,tail-ant
199,11912033,Beast,eyes-little-peas,ears-earwing,back-cupid,mouth-hungry-bird,horn-arco,tail-gerbil
200,11904354,Aquatic,eyes-sleepless,ears-nimo,back-sandal,mouth-square-teeth,horn-babylonia,tail-nimo
201,11710818,Aquatic,eyes-gero,ears-nimo,back-sponge,mouth-square-teeth,horn-shoal-star,tail-nimo
202,11730275,Mech,eyes-kotaro,ears-earwing,back-tri-feather,mouth-confident,horn-wing-horn,tail-shrimp
203,1233253,Bird,eyes-mavis,ears-pink-cheek,back-cupid-2,mouth-peace-maker,horn-kestrel,tail-cattail
204,11917152,Plant,eyes-neo,ears-innocent-lamb,back-bidens,mouth-herbivore,horn-rose-bud,tail-cattail
205,11767659,Dawn,eyes-tricky,ears-tassels,back-watering-can,mouth-silence-whisper,horn-scaly-spoon,tail-potato-leaf
206,11938155,Mech,eyes-nerdy,ears-sakura,back-tri-feather,mouth-tiny-turtle,horn-wing-horn,tail-cloud
207,11910512,Mech,eyes-chubby,ears-pink-cheek,back-scarab,mouth-axie-kiss,horn-dual-blade,tail-cottontail
208,11882353,Mech,eyes-sleepless,ears-nimo,back-sandal,mouth-piranha,horn-merry,tail-nimo
209,11940214,Mech,eyes-puppy,ears-innocent-lamb,back-perch,mouth-confident,horn-little-branch,tail-nimo
210,11948919,Bug,eyes-tricky,ears-innocent-lamb,back-indian-star,mouth-silence-whisper,horn-rose-bud,tail-potato-leaf
211,11836792,Reptile,eyes-gecko,ears-pink-cheek,back-tri-spikes,mouth-tiny-turtle,horn-scaly-spear,tail-wall-gecko
212,11913592,Bird,eyes-robin,ears-innocent-lamb,back-tri-feather,mouth-peace-maker,horn-wing-horn,tail-cloud-2
213,11935098,Mech,eyes-puppy,ears-zen,back-ronin-2,mouth-confident,horn-imp,tail-shiba
214,11811704,Reptile,eyes-gecko,ears-nimo,back-sponge,mouth-risky-fish,horn-oranda,tail-nimo
215,11931517,Aquatic,eyes-sleepless,ears-nimo,back-sponge,mouth-square-teeth,horn-shoal-star,tail-nimo
216,11931519,Aquatic,eyes-gero,ears-nimo,back-sponge-2,mouth-square-teeth,horn-shoal-star,tail-nimo
217,11901311,Mech,eyes-sleepless,ears-nimo,back-sandal,mouth-piranha,horn-babylonia,tail-nimo
218,11918720,Reptile,eyes-chubby-2,ears-small-frill,back-green-thorns,mouth-razor-bite,horn-dual-blade,tail-grass-snake
219,11941252,Bird,eyes-clear,ears-earwing,back-tri-feather,mouth-cute-bunny,horn-wing-horn,tail-cloud
220,11907979,Mech,eyes-sleepless,ears-nimo,back-sandal,mouth-square-teeth,horn-shoal-star,tail-nimo
221,11654540,Dusk,eyes-bookworm,ears-nimo,back-mint,mouth-square-teeth,horn-bumpy,tail-nimo
222,11937676,Bird,eyes-topaz,ears-pink-cheek,back-tri-feather,mouth-peace-maker,horn-feather-spear,tail-cloud-2
223,11890574,Bird,eyes-mavis,ears-pink-cheek,back-tri-feather,mouth-peace-maker,horn-feather-spear,tail-cloud
224,11699596,Mech,eyes-mavis,ears-earwing,back-tri-feather,mouth-axie-kiss,horn-wing-horn,tail-granmas-fan
225,11761146,Bird,eyes-topaz,ears-innocent-lamb,back-tri-feather,mouth-kotaro,horn-feather-spear,tail-cloud
226,11905938,Reptile,eyes-topaz,ears-nimo,back-sponge,mouth-square-teeth,horn-oranda,tail-nimo
227,11934613,Aquatic,eyes-sleepless,ears-nimo,back-sponge,mouth-square-teeth,horn-shoal-star-2,tail-nimo
228,11930518,Mech,eyes-sleepless,ears-nimo,back-sandal,mouth-square-teeth,horn-babylonia,tail-nimo
229,11657623,Reptile,eyes-gecko,ears-rosa,back-green-thorns,mouth-tiny-turtle,horn-oranda,tail-wall-gecko
230,11905431,Mech,eyes-sleepless,ears-nimo,back-sandal,mouth-square-teeth,horn-babylonia,tail-nimo
231,11941270,Dawn,eyes-sleepless,ears-seaslug,back-anemone,mouth-piranha,horn-anemone,tail-nimo
232,11653535,Bird,eyes-nerdy,ears-earwing,back-tri-feather,mouth-goda,horn-wing-horn,tail-granmas-fan
233,11836321,Reptile,eyes-robin,ears-innocent-lamb,back-scarab,mouth-tiny-turtle,horn-beech,tail-cloud
234,11930529,Mech,eyes-sleepless,ears-nimo,back-sandal,mouth-square-teeth,horn-babylonia,tail-nimo-2
235,11899813,Plant,eyes-clear,ears-innocent-lamb,back-bidens,mouth-silence-whisper,horn-scaly-spoon,tail-ant
236,11676072,Plant,eyes-clear,ears-nimo,back-sponge,mouth-catfish-2,horn-oranda,tail-nimo
237,11918249,Beast,eyes-little-peas,ears-zen,back-ronin,mouth-confident,horn-imp,tail-shrimp
238,11719084,Dawn,eyes-gecko,ears-innocent-lamb,back-bone-sail,mouth-silence-whisper,horn-leaf-bug,tail-pupae
239,11783085,Mech,eyes-topaz,ears-earwing,back-tri-feather,mouth-cute-bunny,horn-feather-spear,tail-cottontail
240,11912110,Dawn,eyes-gero,ears-nimo,back-sandal,mouth-piranha,horn-babylonia,tail-nimo
241,11923888,Bug,eyes-clear,ears-nimo,back-sponge,mouth-tiny-turtle,horn-oranda,tail-nimo
242,11933104,Mech,eyes-sleepless,ears-nimo,back-anemone,mouth-piranha,horn-anemone,tail-nimo
243,11691440,Mech,eyes-clear,ears-tiny-fan-2,back-goldfish,mouth-piranha,horn-kestrel,tail-nimo
244,11898290,Aquatic,eyes-clear,ears-nimo,back-sponge,mouth-square-teeth,horn-anemone,tail-nimo
245,11711409,Mech,eyes-topaz,ears-curly,back-tri-feather,mouth-goda,horn-wing-horn,tail-cloud
246,11910583,Mech,eyes-sleepless,ears-nimo,back-sandal,mouth-square-teeth,horn-babylonia,tail-nimo
247,11652024,Bug,eyes-clear,ears-nimo,back-sponge,mouth-risky-fish,horn-rose-bud,tail-nimo
248,11938746,Beast,eyes-chubby,ears-pink-cheek,back-cupid,mouth-confident,horn-rose-bud,tail-cattail
249,11932092,Beast,eyes-chubby,ears-pink-cheek,back-scarab,mouth-confident-2,horn-dual-blade,tail-cattail
250,11918270,Bug,eyes-puppy,ears-zen,back-ronin-2,mouth-confident,horn-imp,tail-shiba
251,4341182,Aquatic,eyes-gero,ears-nimo,back-anemone,mouth-toothless-bite,horn-anemone,tail-nimo
252,11907006,Dawn,eyes-sleepless,ears-nimo,back-sandal,mouth-piranha,horn-babylonia,tail-nimo
253,4221890,Bird,eyes-lucas,ears-peace-maker,back-tri-feather,mouth-hungry-bird,horn-trump,tail-cloud
254,11937220,Dawn,eyes-sleepless,ears-nimo,back-sandal,mouth-axie-kiss,horn-trump,tail-nimo
255,11631557,Bird,eyes-robin,ears-earwing,back-tri-feather,mouth-hungry-bird,horn-wing-horn,tail-granmas-fan
256,11926474,Bug,eyes-puppy,ears-zen-2,back-ronin,mouth-confident,horn-imp-2,tail-shiba
257,11794379,Bird,eyes-topaz,ears-pink-cheek,back-tri-feather,mouth-little-owl,horn-kestrel,tail-cloud
258,11902924,Dawn,eyes-sleepless,ears-nimo,back-sandal,mouth-piranha,horn-babylonia,tail-nimo
259,11910605,Mech,eyes-sleepless-2,ears-nimo,back-sandal,mouth-square-teeth,horn-babylonia,tail-nimo
260,11920847,Mech,eyes-sleepless,ears-nimo,back-sandal,mouth-square-teeth,horn-babylonia,tail-nimo
261,11910607,Dawn,eyes-sleepless,ears-nimo,back-sandal,mouth-piranha,horn-babylonia,tail-nimo
262,11936721,Aquatic,eyes-sleepless,ears-nimo,back-sandal,mouth-square-teeth,horn-oranda,tail-nimo
263,11925458,Dawn,eyes-sleepless,ears-nimo,back-sandal,mouth-piranha,horn-trump,tail-nimo
264,11773395,Bird,eyes-topaz,ears-pink-cheek,back-tri-feather,mouth-catfish,horn-feather-spear,tail-cloud
265,11936211,Bird,eyes-clear,ears-earwing,back-tri-feather,mouth-piranha,horn-wing-horn,tail-cloud
266,11714005,Bird,eyes-topaz,ears-pink-cheek,back-tri-feather,mouth-little-owl,horn-little-branch,tail-cloud
267,11773396,Bird,eyes-topaz,ears-pink-cheek,back-tri-feather,mouth-little-owl,horn-feather-spear,tail-cloud
268,11930583,Aquatic,eyes-sleepless,ears-nimo,back-sandal,mouth-piranha,horn-babylonia,tail-nimo
269,11930072,Beast,eyes-puppy,ears-nimo,back-perch,mouth-confident,horn-little-branch,tail-nimo
270,11936729,Aquatic,eyes-sleepless,ears-nimo,back-sandal,mouth-square-teeth,horn-babylonia,tail-nimo-2
271,11935705,Bird,eyes-lucas,ears-earwing,back-tri-feather,mouth-piranha,horn-dual-blade,tail-cloud
272,11908566,Bird,eyes-kotaro,ears-earwing,back-tri-feather,mouth-kotaro,horn-wing-horn,tail-granmas-fan
273,11930068,Beast,eyes-puppy,ears-nimo,back-perch,mouth-confident,horn-little-branch,tail-nimo
274,11928029,Dawn,eyes-sleepless,ears-nimo,back-sandal,mouth-square-teeth,horn-babylonia,tail-nimo
275,11921883,Plant,eyes-lucas,ears-innocent-lamb,back-hero,mouth-silence-whisper,horn-rose-bud,tail-cattail
276,11780576,Bird,eyes-telescope,ears-innocent-lamb,back-tri-feather,mouth-doubletalk,horn-bumpy,tail-cloud
277,4534241,Plant,eyes-papi,ears-beetle-spike,back-pumpkin,mouth-serious,horn-leaf-bug,tail-nimo
278,11883490,Bird,eyes-kotaro,ears-earwing,back-tri-feather,mouth-kotaro,horn-wing-horn,tail-granmas-fan
279,11945447,Aquatic,eyes-sleepless,ears-nimo,back-sandal,mouth-square-teeth,horn-oranda,tail-nimo
280,11939305,Beast,eyes-little-peas,ears-earwing,back-cupid,mouth-square-teeth,horn-arco,tail-gerbil
281,11945449,Aquatic,eyes-sleepless,ears-nimo,back-sandal,mouth-square-teeth,horn-oranda,tail-nimo
282,11942379,Mech,eyes-lucas,ears-pink-cheek,back-tri-feather,mouth-doubletalk,horn-wing-horn-2,tail-cloud
283,11866091,Reptile,eyes-gecko,ears-nimo,back-sponge,mouth-tiny-turtle,horn-incisor,tail-nimo
284,11942891,Bird,eyes-zeal,ears-pink-cheek,back-tri-feather,mouth-confident,horn-wing-horn,tail-granmas-fan
285,11690990,Dawn,eyes-papi,ears-curved-spine,back-indian-star,mouth-silence-whisper,horn-lagging,tail-pupae
286,4949486,Aquatic,eyes-lucas,ears-nimo,back-garish-worm,mouth-cute-bunny,horn-oranda,tail-nimo
287,11937265,Bird,eyes-nerdy,ears-earwing,back-tri-feather,mouth-confident,horn-wing-horn,tail-cloud
288,11921394,Plant,eyes-chubby,ears-innocent-lamb,back-cupid,mouth-confident,horn-rose-bud,tail-cattail
289,11800562,Aquatic,eyes-gero,ears-nimo,back-sponge,mouth-square-teeth,horn-shoal-star,tail-nimo-2
290,11778037,Mech,eyes-topaz,ears-earwing,back-tri-feather,mouth-axie-kiss,horn-feather-spear,tail-cottontail
291,11683830,Plant,eyes-papi,ears-innocent-lamb,back-bidens,mouth-square-teeth,horn-rose-bud,tail-cattail
292,11930615,Beast,eyes-chubby,ears-earwing,back-cupid,mouth-catfish,horn-arco,tail-gerbil-2
293,11869178,Aquatic,eyes-sleepless,ears-nimo,back-sandal-2,mouth-risky-fish,horn-anemone,tail-nimo
294,11932668,Plant,eyes-chubby,ears-pink-cheek,back-cupid,mouth-axie-kiss,horn-dual-blade,tail-gerbil-2
295,11931645,Aquatic,eyes-sleepless,ears-nimo,back-sandal,mouth-piranha,horn-oranda,tail-nimo
296,11896830,Mech,eyes-tricky,ears-innocent-lamb,back-indian-star,mouth-silence-whisper,horn-rose-bud,tail-twin-tail
